"Supplementary Table 2: Candidate Driver Mutations (CD) detected through whole genome sequencing of 11,262 people",,,,,,,,,,,,,,
Chrom,Pos (hg38),Reference,Call,Gene Symbol,VAF,SubjectId,Sex,Age at blood draw,WGS-outlier?,Max_Consequence,HGVSp,#occurrences in COSMIC for haematopoietic and lymphoid tissue,COSMIC Ids,Source
chr1,1815790,T,C,GNB1,0.21,Subject_264,Female,83,YES,missense_variant,"NP_001269468.1:p.Lys57Glu,NP_002065.1:p.Lys57Glu",1,COSM211450,Steensma
chr1,43349338,G,T,MPL,0.3,Subject_12218,Female,93,YES,missense_variant,NP_005364.1:p.Trp515Leu,259,"COSM18918,COSM3719407",COSMIC5
chr1,114716126,C,T,NRAS,0.48,Subject_6338,Female,84,YES,missense_variant,NP_002515.1:p.Gly12Asp,350,COSM564,COSMIC5
chr1,114716127,C,T,NRAS,0.57,Subject_336,Female,33,NO,missense_variant,NP_002515.1:p.Gly12Ser,97,COSM563,COSMIC5
chr1,150949226,GC,G,SETDB1,0.21,Subject_5144,Male,36,NO,frameshift_variant,"NP_001138887.1:p.Pro459HisfsTer29,NP_036564.3:p.Pro459HisfsTer29",,,Steensma
chr11,108365359,C,T,ATM,0.15,Subject_7187,Female,91,YES,missense_variant,NP_000042.3:p.Arg3008Cys,9,"COSM1351056,COSM21642",COSMIC5
chr11,119278211,T,C,CBL,0.35,Subject_3890,Female,96,NO,missense_variant,NP_005179.2:p.Cys381Arg,2,COSM34056,Steensma
chr11,119278221,G,A,CBL,0.2,Subject_788,Female,82,YES,missense_variant,NP_005179.2:p.Cys384Tyr,6,COSM34066,Steensma
chr11,119285053,C,T,CBL,0.41,Subject_4175,Male,70,YES,stop_gained,NP_005179.2:p.Arg506Ter,,,Steensma
chr12,49037563,G,A,KMT2D,0.23,Subject_3266,Female,74,YES,stop_gained,NP_003473.3:p.Gln3265Ter,,,Steensma
chr12,49044743,C,A,KMT2D,0.61,Subject_9114,Female,6,NO,splice_donor_variant,.,,,Steensma
chr12,49051493,C,CTG,KMT2D,0.1,Subject_3689,Female,72,YES,frameshift_variant,NP_003473.3:p.Glu730AspfsTer201,,,Steensma
chr12,49051561,AAG,A,KMT2D,0.21,Subject_7272,Female,46,NO,frameshift_variant,NP_003473.3:p.Ala707ValfsTer23,,,Steensma
chr12,49051592,G,GAA,KMT2D,0.17,Subject_857,Male,88,YES,frameshift_variant,NP_003473.3:p.Thr698SerfsTer233,,,Steensma
chr12,49052056,ATG,A,KMT2D,0.1,Subject_5842,Male,44,NO,frameshift_variant,NP_003473.3:p.Ala542ValfsTer8,,,Steensma
chr15,34527742,C,T,GOLGA8B,0.21,Subject_12474,Male,77,NO,missense_variant,NP_001018861.3:p.Val568Ile,6,"COSM3678147,COSM3678148,COSM3678149",COSMIC5
chr15,34527742,C,T,GOLGA8B,0.17,Subject_3060,Male,76,NO,missense_variant,NP_001018861.3:p.Val568Ile,6,"COSM3678147,COSM3678148,COSM3678149",COSMIC5
chr15,34527742,C,T,GOLGA8B,0.19,Subject_9121,Male,48,NO,missense_variant,NP_001018861.3:p.Val568Ile,6,"COSM3678147,COSM3678148,COSM3678149",COSMIC5
chr15,34527742,C,T,GOLGA8B,0.18,Subject_12505,Male,72,NO,missense_variant,NP_001018861.3:p.Val568Ile,6,"COSM3678147,COSM3678148,COSM3678149",COSMIC5
chr15,34527742,C,T,GOLGA8B,0.15,Subject_2402,Female,46,NO,missense_variant,NP_001018861.3:p.Val568Ile,6,"COSM3678147,COSM3678148,COSM3678149",COSMIC5
chr15,34527742,C,T,GOLGA8B,0.22,Subject_639,Female,2,NO,missense_variant,NP_001018861.3:p.Val568Ile,6,"COSM3678147,COSM3678148,COSM3678149",COSMIC5
chr15,34527742,C,T,GOLGA8B,0.2,Subject_12807,Female,36,NO,missense_variant,NP_001018861.3:p.Val568Ile,6,"COSM3678147,COSM3678148,COSM3678149",COSMIC5
chr15,34527742,C,T,GOLGA8B,0.19,Subject_5465,Female,51,YES,missense_variant,NP_001018861.3:p.Val568Ile,6,"COSM3678147,COSM3678148,COSM3678149",COSMIC5
chr15,34527742,C,T,GOLGA8B,0.2,Subject_1986,Male,82,NO,missense_variant,NP_001018861.3:p.Val568Ile,6,"COSM3678147,COSM3678148,COSM3678149",COSMIC5
chr15,34527742,C,T,GOLGA8B,0.19,Subject_12900,Male,60,NO,missense_variant,NP_001018861.3:p.Val568Ile,6,"COSM3678147,COSM3678148,COSM3678149",COSMIC5
chr15,34527742,C,T,GOLGA8B,0.22,Subject_13292,Male,26,NO,missense_variant,NP_001018861.3:p.Val568Ile,6,"COSM3678147,COSM3678148,COSM3678149",COSMIC5
chr15,34527742,C,T,GOLGA8B,0.19,Subject_11379,Female,53,NO,missense_variant,NP_001018861.3:p.Val568Ile,6,"COSM3678147,COSM3678148,COSM3678149",COSMIC5
chr15,34527742,C,T,GOLGA8B,0.17,Subject_4961,Male,37,NO,missense_variant,NP_001018861.3:p.Val568Ile,6,"COSM3678147,COSM3678148,COSM3678149",COSMIC5
chr15,34527742,C,T,GOLGA8B,0.24,Subject_4093,Male,41,NO,missense_variant,NP_001018861.3:p.Val568Ile,6,"COSM3678147,COSM3678148,COSM3678149",COSMIC5
chr15,34527742,C,T,GOLGA8B,0.25,Subject_10749,Female,79,NO,missense_variant,NP_001018861.3:p.Val568Ile,6,"COSM3678147,COSM3678148,COSM3678149",COSMIC5
chr15,34527742,C,T,GOLGA8B,0.14,Subject_3158,Female,35,NO,missense_variant,NP_001018861.3:p.Val568Ile,6,"COSM3678147,COSM3678148,COSM3678149",COSMIC5
chr15,34527742,C,T,GOLGA8B,0.18,Subject_8145,Male,57,NO,missense_variant,NP_001018861.3:p.Val568Ile,6,"COSM3678147,COSM3678148,COSM3678149",COSMIC5
chr15,34527742,C,T,GOLGA8B,0.22,Subject_9589,Male,45,NO,missense_variant,NP_001018861.3:p.Val568Ile,6,"COSM3678147,COSM3678148,COSM3678149",COSMIC5
chr15,34527742,C,T,GOLGA8B,0.22,Subject_4438,Female,50,NO,missense_variant,NP_001018861.3:p.Val568Ile,6,"COSM3678147,COSM3678148,COSM3678149",COSMIC5
chr15,34527742,C,T,GOLGA8B,0.25,Subject_8380,Male,40,NO,missense_variant,NP_001018861.3:p.Val568Ile,6,"COSM3678147,COSM3678148,COSM3678149",COSMIC5
chr15,34527742,C,T,GOLGA8B,0.19,Subject_548,Male,28,NO,missense_variant,NP_001018861.3:p.Val568Ile,6,"COSM3678147,COSM3678148,COSM3678149",COSMIC5
chr15,34527742,C,T,GOLGA8B,0.16,Subject_10050,Female,32,NO,missense_variant,NP_001018861.3:p.Val568Ile,6,"COSM3678147,COSM3678148,COSM3678149",COSMIC5
chr15,34527742,C,T,GOLGA8B,0.25,Subject_7005,Male,25,NO,missense_variant,NP_001018861.3:p.Val568Ile,6,"COSM3678147,COSM3678148,COSM3678149",COSMIC5
chr15,34527742,C,T,GOLGA8B,0.19,Subject_6054,Female,75,YES,missense_variant,NP_001018861.3:p.Val568Ile,6,"COSM3678147,COSM3678148,COSM3678149",COSMIC5
chr15,34527742,C,T,GOLGA8B,0.17,Subject_12877,Male,55,NO,missense_variant,NP_001018861.3:p.Val568Ile,6,"COSM3678147,COSM3678148,COSM3678149",COSMIC5
chr15,34527742,C,T,GOLGA8B,0.17,Subject_10673,Female,27,NO,missense_variant,NP_001018861.3:p.Val568Ile,6,"COSM3678147,COSM3678148,COSM3678149",COSMIC5
chr15,34527742,C,T,GOLGA8B,0.15,Subject_1863,Female,52,NO,missense_variant,NP_001018861.3:p.Val568Ile,6,"COSM3678147,COSM3678148,COSM3678149",COSMIC5
chr15,34527742,C,T,GOLGA8B,0.16,Subject_10937,Male,23,NO,missense_variant,NP_001018861.3:p.Val568Ile,6,"COSM3678147,COSM3678148,COSM3678149",COSMIC5
chr15,34527742,C,T,GOLGA8B,0.24,Subject_6760,Male,26,NO,missense_variant,NP_001018861.3:p.Val568Ile,6,"COSM3678147,COSM3678148,COSM3678149",COSMIC5
chr15,90088702,C,T,IDH2,0.21,Subject_3967,Male,70,YES,missense_variant,NP_002159.2:p.Arg140Gln,424,COSM41590,COSMIC5
chr15,90088702,C,T,IDH2,0.43,Subject_12197,Male,81,YES,missense_variant,NP_002159.2:p.Arg140Gln,424,COSM41590,COSMIC5
chr16,3782751,AG,A,CREBBP,0.21,Subject_12732,Male,45,NO,frameshift_variant,"NP_001073315.1:p.Pro464LeufsTer17,NP_004371.2:p.Pro502LeufsTer17",,,Steensma
chr17,7669662,T,G,TP53,0.16,Subject_4289,Female,29,NO,missense_variant,"NP_000537.3:p.Thr377Pro,NP_001119584.1:p.Thr377Pro,NP_001119587.1:p.Thr245Pro,NP_001119590.1:p.Thr33...",2,"COSM1658763,COSM1658764",Steensma
chr17,7669662,T,G,TP53,0.25,Subject_705,Female,54,NO,missense_variant,"NP_000537.3:p.Thr377Pro,NP_001119584.1:p.Thr377Pro,NP_001119587.1:p.Thr245Pro,NP_001119590.1:p.Thr33...",2,"COSM1658763,COSM1658764",Steensma
chr17,7669662,T,G,TP53,0.22,Subject_8568,Male,19,NO,missense_variant,"NP_000537.3:p.Thr377Pro,NP_001119584.1:p.Thr377Pro,NP_001119587.1:p.Thr245Pro,NP_001119590.1:p.Thr33...",2,"COSM1658763,COSM1658764",Steensma
chr17,7669662,T,G,TP53,0.22,Subject_3886,Female,70,NO,missense_variant,"NP_000537.3:p.Thr377Pro,NP_001119584.1:p.Thr377Pro,NP_001119587.1:p.Thr245Pro,NP_001119590.1:p.Thr33...",2,"COSM1658763,COSM1658764",Steensma
chr17,7670703,C,A,TP53,0.19,Subject_8189,Male,75,YES,stop_gained,"NP_000537.3:p.Glu336Ter,NP_001119584.1:p.Glu336Ter,NP_001119587.1:p.Glu204Ter,NP_001119590.1:p.Glu29...",,,Steensma
chr17,7673775,C,T,TP53,0.21,Subject_10642,Female,52,NO,missense_variant,"NP_000537.3:p.Arg282Gln,NP_001119584.1:p.Arg282Gln,NP_001119585.1:p.Arg282Gln,NP_001119586.1:p.Arg28...",4,"COSM44338,COSM99936",Steensma
chr17,7673784,C,T,TP53,0.16,Subject_9843,Female,88,YES,missense_variant,"NP_000537.3:p.Gly279Glu,NP_001119584.1:p.Gly279Glu,NP_001119585.1:p.Gly279Glu,NP_001119586.1:p.Gly27...",1,COSM43714,Steensma
chr17,7673802,C,T,TP53,0.33,Subject_10832,Female,76,YES,missense_variant,"NP_000537.3:p.Arg273His,NP_001119584.1:p.Arg273His,NP_001119585.1:p.Arg273His,NP_001119586.1:p.Arg27...",35,"COSM10660,COSM1645335,COSM3356963,COSM99729",Steensma
chr17,7673802,C,T,TP53,0.17,Subject_1372,Male,55,NO,missense_variant,"NP_000537.3:p.Arg273His,NP_001119584.1:p.Arg273His,NP_001119585.1:p.Arg273His,NP_001119586.1:p.Arg27...",35,"COSM10660,COSM1645335,COSM3356963,COSM99729",Steensma
chr17,7673802,C,T,TP53,0.35,Subject_691,Male,69,YES,missense_variant,"NP_000537.3:p.Arg273His,NP_001119584.1:p.Arg273His,NP_001119585.1:p.Arg273His,NP_001119586.1:p.Arg27...",35,"COSM10660,COSM1645335,COSM3356963,COSM99729",Steensma
chr17,7673802,C,T,TP53,0.27,Subject_11262,Male,37,NO,missense_variant,"NP_000537.3:p.Arg273His,NP_001119584.1:p.Arg273His,NP_001119585.1:p.Arg273His,NP_001119586.1:p.Arg27...",35,"COSM10660,COSM1645335,COSM3356963,COSM99729",Steensma
chr17,7674238,C,T,TP53,0.29,Subject_11530,Female,40,NO,missense_variant,"NP_000537.3:p.Cys242Tyr,NP_001119584.1:p.Cys242Tyr,NP_001119585.1:p.Cys242Tyr,NP_001119586.1:p.Cys24...",2,COSM10646,Steensma
chr17,7674259,T,C,TP53,0.43,Subject_1970,Male,82,NO,missense_variant,"NP_000537.3:p.Asn235Ser,NP_001119584.1:p.Asn235Ser,NP_001119585.1:p.Asn235Ser,NP_001119586.1:p.Asn23...",4,"COSM1581851,COSM1581852,COSM1581853,COSM43616",Steensma
chr17,7674259,T,C,TP53,0.52,Subject_13062,Female,84,NO,missense_variant,"NP_000537.3:p.Asn235Ser,NP_001119584.1:p.Asn235Ser,NP_001119585.1:p.Asn235Ser,NP_001119586.1:p.Asn23...",4,"COSM1581851,COSM1581852,COSM1581853,COSM43616",Steensma
chr17,7674259,T,C,TP53,0.56,Subject_9659,Female,84,YES,missense_variant,"NP_000537.3:p.Asn235Ser,NP_001119584.1:p.Asn235Ser,NP_001119585.1:p.Asn235Ser,NP_001119586.1:p.Asn23...",4,"COSM1581851,COSM1581852,COSM1581853,COSM43616",Steensma
chr17,7674259,T,C,TP53,0.83,Subject_5399,Female,69,NO,missense_variant,"NP_000537.3:p.Asn235Ser,NP_001119584.1:p.Asn235Ser,NP_001119585.1:p.Asn235Ser,NP_001119586.1:p.Asn23...",4,"COSM1581851,COSM1581852,COSM1581853,COSM43616",Steensma
chr17,7674259,T,C,TP53,0.53,Subject_5762,Female,63,NO,missense_variant,"NP_000537.3:p.Asn235Ser,NP_001119584.1:p.Asn235Ser,NP_001119585.1:p.Asn235Ser,NP_001119586.1:p.Asn23...",4,"COSM1581851,COSM1581852,COSM1581853,COSM43616",Steensma
chr17,7676381,C,G,TP53,0.44,Subject_3266,Female,74,YES,splice_donor_variant,.,,,Steensma
chr17,42322464,T,A,STAT3,0.16,Subject_11432,Male,70,YES,missense_variant,"NP_003141.2:p.Tyr640Phe,NP_644805.1:p.Tyr640Phe,NP_998827.1:p.Tyr640Phe",46,COSM1155743,COSMIC5
chr17,60648054,AGG,A,PPM1D,0.47,Subject_6550,Female,40,NO,frameshift_variant,NP_003611.1:p.Asp331ProfsTer10,,,Steensma
chr17,60663019,AG,A,PPM1D,0.23,Subject_5258,Female,67,YES,frameshift_variant,NP_003611.1:p.Val430Ter,,,Steensma
chr17,60663077,AT,A,PPM1D,0.32,Subject_13264,Female,72,NO,frameshift_variant,NP_003611.1:p.Leu450Ter,,,Steensma
chr17,60663077,AT,A,PPM1D,0.26,Subject_9325,Male,79,YES,frameshift_variant,NP_003611.1:p.Leu450Ter,,,Steensma
chr17,60663121,GGT,G,PPM1D,0.21,Subject_11195,Female,54,YES,frameshift_variant,NP_003611.1:p.Val464SerfsTer11,,,Steensma
chr17,60663144,T,TC,PPM1D,0.39,Subject_3356,Male,73,YES,frameshift_variant,NP_003611.1:p.Glu472ArgfsTer4,,,Steensma
chr17,60663168,C,A,PPM1D,0.17,Subject_3535,Male,72,YES,stop_gained,NP_003611.1:p.Cys478Ter,,,Steensma
chr17,60663175,GC,G,PPM1D,0.17,Subject_10468,Female,76,YES,,,,,Steensma
chr17,60663182,C,CTT,PPM1D,0.17,Subject_452,Male,69,YES,frameshift_variant,NP_003611.1:p.Leu484PhefsTer2,,,Steensma
chr17,60663200,CT,C,PPM1D,0.16,Subject_11323,Male,73,YES,frameshift_variant,NP_003611.1:p.Leu490Ter,,,Steensma
chr17,60663262,C,T,PPM1D,0.26,Subject_10348,Female,65,YES,stop_gained,NP_003611.1:p.Gln510Ter,,,Steensma
chr17,60663281,C,G,PPM1D,0.33,Subject_6808,Male,60,NO,stop_gained,NP_003611.1:p.Ser516Ter,,,Steensma
chr17,60663300,AG,A,PPM1D,0.43,Subject_432,Male,67,YES,frameshift_variant,NP_003611.1:p.Ala523ProfsTer16,,,Steensma
chr17,60663329,CA,C,PPM1D,0.22,Subject_13500,Male,70,YES,frameshift_variant,NP_003611.1:p.Asn533ThrfsTer6,,,Steensma
chr17,60663352,GA,G,PPM1D,0.43,Subject_9586,Male,67,YES,frameshift_variant,NP_003611.1:p.Glu540GlyfsTer7,,,Steensma
chr17,60663361,TC,T,PPM1D,0.4,Subject_4272,Female,66,YES,frameshift_variant,NP_003611.1:p.Ser543LeufsTer4,,,Steensma
chr17,60663445,C,T,PPM1D,0.16,Subject_4973,Female,85,YES,stop_gained,NP_003611.1:p.Gln571Ter,,,Steensma
chr17,60663449,G,GA,PPM1D,0.43,Subject_3700,Male,65,YES,frameshift_variant,NP_003611.1:p.Asn574GlufsTer4,,,Steensma
chr17,66029913,T,A,CEP112,0.69,Subject_11482,Female,41,NO,missense_variant,"NP_001186094.1:p.Arg443Ser,NP_659473.2:p.Arg443Ser",6,"COSM1580652,COSM1580653",COSMIC5
chr17,76736877,G,A,SRSF2,0.47,Subject_1602,Male,76,YES,missense_variant,"NP_001182356.1:p.Pro95Leu,NP_003007.2:p.Pro95Leu",53,COSM146288,Steensma
chr17,76736877,G,C,SRSF2,0.45,Subject_3233,Male,87,YES,missense_variant,"NP_001182356.1:p.Pro95Arg,NP_003007.2:p.Pro95Arg",32,COSM211661,Steensma
chr17,76736877,G,C,SRSF2,0.32,Subject_6000,Male,87,YES,missense_variant,"NP_001182356.1:p.Pro95Arg,NP_003007.2:p.Pro95Arg",32,COSM211661,Steensma
chr17,76736877,G,C,SRSF2,0.22,Subject_7753,Male,86,NO,missense_variant,"NP_001182356.1:p.Pro95Arg,NP_003007.2:p.Pro95Arg",32,COSM211661,Steensma
chr17,76736877,G,T,SRSF2,0.27,Subject_400,Female,68,YES,missense_variant,"NP_001182356.1:p.Pro95His,NP_003007.2:p.Pro95His",83,"COSM211504,COSM4169720",Steensma
chr17,76736877,G,T,SRSF2,0.32,Subject_3967,Male,70,YES,missense_variant,"NP_001182356.1:p.Pro95His,NP_003007.2:p.Pro95His",83,"COSM211504,COSM4169720",Steensma
chr19,49154783,A,G,HRC,0.15,Subject_3350,Male,66,NO,missense_variant,NP_002143.1:p.Leu152Pro,5,COSM211594,COSMIC5
chr19,49154783,A,G,HRC,0.24,Subject_620,Female,56,YES,missense_variant,NP_002143.1:p.Leu152Pro,5,COSM211594,COSMIC5
chr19,49154783,A,G,HRC,0.23,Subject_7791,Male,53,NO,missense_variant,NP_002143.1:p.Leu152Pro,5,COSM211594,COSMIC5
chr19,49154783,A,G,HRC,0.42,Subject_1294,Male,11,NO,missense_variant,NP_002143.1:p.Leu152Pro,5,COSM211594,COSMIC5
chr19,49154783,A,G,HRC,0.27,Subject_11881,Male,9,NO,missense_variant,NP_002143.1:p.Leu152Pro,5,COSM211594,COSMIC5
chr19,49154783,A,G,HRC,0.16,Subject_5534,Female,15,NO,missense_variant,NP_002143.1:p.Leu152Pro,5,COSM211594,COSMIC5
chr2,25234307,G,A,DNMT3A,0.14,Subject_1623,Male,58,NO,missense_variant,"NP_072046.2:p.Pro904Leu,NP_715640.2:p.Pro715Leu,NP_783328.1:p.Pro904Leu",7,COSM87007,Steensma
chr2,25234307,G,A,DNMT3A,0.26,Subject_13059,Female,80,YES,missense_variant,"NP_072046.2:p.Pro904Leu,NP_715640.2:p.Pro715Leu,NP_783328.1:p.Pro904Leu",7,COSM87007,Steensma
chr2,25234312,GAA,G,DNMT3A,0.38,Subject_10856,Female,89,YES,frameshift_variant,"NP_072046.2:p.Phe902ArgfsTer18,NP_715640.2:p.Phe713ArgfsTer18,NP_783328.1:p.Phe902ArgfsTer18",,,Steensma
chr2,25234340,C,T,DNMT3A,0.25,Subject_633,Female,98,YES,stop_gained,"NP_072046.2:p.Trp893Ter,NP_715640.2:p.Trp704Ter,NP_783328.1:p.Trp893Ter",,,Steensma
chr2,25234349,C,T,DNMT3A,0.33,Subject_2514,Female,81,YES,missense_variant,"NP_072046.2:p.Gly890Asp,NP_715640.2:p.Gly701Asp,NP_783328.1:p.Gly890Asp",1,COSM256042,Steensma
chr2,25234373,C,G,DNMT3A,0.28,Subject_3877,Male,71,YES,missense_variant,"NP_072046.2:p.Arg882Pro,NP_715640.2:p.Arg693Pro,NP_783328.1:p.Arg882Pro",14,"COSM3356083,COSM99740",Steensma
chr2,25234373,C,T,DNMT3A,0.24,Subject_11198,Female,80,YES,missense_variant,"NP_072046.2:p.Arg882His,NP_715640.2:p.Arg693His,NP_783328.1:p.Arg882His",426,"COSM442676,COSM52944",Steensma
chr2,25234373,C,T,DNMT3A,0.19,Subject_13190,Female,77,NO,missense_variant,"NP_072046.2:p.Arg882His,NP_715640.2:p.Arg693His,NP_783328.1:p.Arg882His",426,"COSM442676,COSM52944",Steensma
chr2,25234373,C,T,DNMT3A,0.21,Subject_9566,Female,67,YES,missense_variant,"NP_072046.2:p.Arg882His,NP_715640.2:p.Arg693His,NP_783328.1:p.Arg882His",426,"COSM442676,COSM52944",Steensma
chr2,25234373,C,T,DNMT3A,0.31,Subject_1678,Female,78,YES,missense_variant,"NP_072046.2:p.Arg882His,NP_715640.2:p.Arg693His,NP_783328.1:p.Arg882His",426,"COSM442676,COSM52944",Steensma
chr2,25234373,C,T,DNMT3A,0.22,Subject_982,Female,70,YES,missense_variant,"NP_072046.2:p.Arg882His,NP_715640.2:p.Arg693His,NP_783328.1:p.Arg882His",426,"COSM442676,COSM52944",Steensma
chr2,25234373,C,T,DNMT3A,0.42,Subject_9598,Female,66,YES,missense_variant,"NP_072046.2:p.Arg882His,NP_715640.2:p.Arg693His,NP_783328.1:p.Arg882His",426,"COSM442676,COSM52944",Steensma
chr2,25234373,C,T,DNMT3A,0.27,Subject_10551,Female,56,YES,missense_variant,"NP_072046.2:p.Arg882His,NP_715640.2:p.Arg693His,NP_783328.1:p.Arg882His",426,"COSM442676,COSM52944",Steensma
chr2,25234374,G,A,DNMT3A,0.29,Subject_11416,Female,38,NO,missense_variant,"NP_072046.2:p.Arg882Cys,NP_715640.2:p.Arg693Cys,NP_783328.1:p.Arg882Cys",172,"COSM1166704,COSM53042",Steensma
chr2,25234374,G,A,DNMT3A,0.16,Subject_246,Female,81,YES,missense_variant,"NP_072046.2:p.Arg882Cys,NP_715640.2:p.Arg693Cys,NP_783328.1:p.Arg882Cys",172,"COSM1166704,COSM53042",Steensma
chr2,25234374,G,A,DNMT3A,0.36,Subject_5067,Male,71,NO,missense_variant,"NP_072046.2:p.Arg882Cys,NP_715640.2:p.Arg693Cys,NP_783328.1:p.Arg882Cys",172,"COSM1166704,COSM53042",Steensma
chr2,25234374,G,A,DNMT3A,0.54,Subject_12288,Male,66,NO,missense_variant,"NP_072046.2:p.Arg882Cys,NP_715640.2:p.Arg693Cys,NP_783328.1:p.Arg882Cys",172,"COSM1166704,COSM53042",Steensma
chr2,25234374,G,A,DNMT3A,0.29,Subject_2025,Female,68,NO,missense_variant,"NP_072046.2:p.Arg882Cys,NP_715640.2:p.Arg693Cys,NP_783328.1:p.Arg882Cys",172,"COSM1166704,COSM53042",Steensma
chr2,25234374,G,A,DNMT3A,0.38,Subject_27,Male,76,YES,missense_variant,"NP_072046.2:p.Arg882Cys,NP_715640.2:p.Arg693Cys,NP_783328.1:p.Arg882Cys",172,"COSM1166704,COSM53042",Steensma
chr2,25234374,G,A,DNMT3A,0.25,Subject_432,Male,67,YES,missense_variant,"NP_072046.2:p.Arg882Cys,NP_715640.2:p.Arg693Cys,NP_783328.1:p.Arg882Cys",172,"COSM1166704,COSM53042",Steensma
chr2,25234374,G,A,DNMT3A,0.24,Subject_6984,Male,68,YES,missense_variant,"NP_072046.2:p.Arg882Cys,NP_715640.2:p.Arg693Cys,NP_783328.1:p.Arg882Cys",172,"COSM1166704,COSM53042",Steensma
chr2,25234374,G,T,DNMT3A,0.6,Subject_1441,Male,71,YES,missense_variant,"NP_072046.2:p.Arg882Ser,NP_715640.2:p.Arg693Ser,NP_783328.1:p.Arg882Ser",18,COSM87001,Steensma
chr2,25234422,T,C,DNMT3A,0.17,Subject_1201,Male,74,NO,splice_acceptor_variant,.,,,Steensma
chr2,25234422,T,C,DNMT3A,0.24,Subject_13410,Male,75,YES,splice_acceptor_variant,.,,,Steensma
chr2,25235706,C,T,DNMT3A,0.18,Subject_2890,Female,78,YES,splice_donor_variant,.,,,Steensma
chr2,25235768,G,A,DNMT3A,0.33,Subject_12499,Female,88,YES,stop_gained,"NP_072046.2:p.Gln846Ter,NP_715640.2:p.Gln657Ter,NP_783328.1:p.Gln846Ter",,,Steensma
chr2,25235781,C,CT,DNMT3A,0.25,Subject_3823,Female,97,YES,frameshift_variant,"NP_072046.2:p.Gln842AlafsTer13,NP_715640.2:p.Gln653AlafsTer13,NP_783328.1:p.Gln842AlafsTer13",,,Steensma
chr2,25235826,C,A,DNMT3A,0.47,Subject_1936,Female,86,YES,splice_acceptor_variant,.,,,Steensma
chr2,25236937,T,C,DNMT3A,0.14,Subject_4127,Male,64,NO,missense_variant,"NP_072046.2:p.Lys826Arg,NP_715640.2:p.Lys637Arg,NP_783328.1:p.Lys826Arg",1,COSM1583124,Steensma
chr2,25237007,T,C,DNMT3A,0.17,Subject_5498,Female,78,YES,splice_acceptor_variant,.,,,Steensma
chr2,25239129,C,T,DNMT3A,0.19,Subject_2023,Male,78,NO,splice_donor_variant,.,,,Steensma
chr2,25239142,G,C,DNMT3A,0.24,Subject_4390,Male,57,YES,missense_variant,"NP_072046.2:p.Pro799Arg,NP_715640.2:p.Pro610Arg,NP_783328.1:p.Pro799Arg",1,COSM256034,Steensma
chr2,25239163,CG,C,DNMT3A,0.19,Subject_254,Male,80,YES,frameshift_variant,"NP_072046.2:p.Arg792AlafsTer10,NP_715640.2:p.Arg603AlafsTer10,NP_783328.1:p.Arg792AlafsTer10",,,Steensma
chr2,25240307,G,T,DNMT3A,0.19,Subject_9397,Male,75,YES,missense_variant,"NP_072046.2:p.Leu773Ile,NP_715640.2:p.Leu584Ile,NP_783328.1:p.Leu773Ile",1,COSM1583107,Steensma
chr2,25240313,G,A,DNMT3A,0.22,Subject_8284,Male,93,YES,stop_gained,"NP_072046.2:p.Arg771Ter,NP_715640.2:p.Arg582Ter,NP_783328.1:p.Arg771Ter",4,COSM231563,Steensma
chr2,25240315,G,A,DNMT3A,0.13,Subject_11323,Male,73,YES,missense_variant,"NP_072046.2:p.Ser770Leu,NP_715640.2:p.Ser581Leu,NP_783328.1:p.Ser770Leu",5,"COSM231549,COSM3719403",Steensma
chr2,25240417,C,T,DNMT3A,0.23,Subject_4434,Female,67,YES,missense_variant,"NP_072046.2:p.Arg736His,NP_715640.2:p.Arg547His,NP_783328.1:p.Arg736His",6,"COSM1318940,COSM133737",Steensma
chr2,25240417,C,T,DNMT3A,0.32,Subject_7107,Female,59,YES,missense_variant,"NP_072046.2:p.Arg736His,NP_715640.2:p.Arg547His,NP_783328.1:p.Arg736His",6,"COSM1318940,COSM133737",Steensma
chr2,25240418,G,A,DNMT3A,0.3,Subject_11018,Female,65,YES,missense_variant,"NP_072046.2:p.Arg736Cys,NP_715640.2:p.Arg547Cys,NP_783328.1:p.Arg736Cys",5,COSM231560,Steensma
chr2,25240420,T,C,DNMT3A,0.26,Subject_3013,Female,70,YES,missense_variant,"NP_072046.2:p.Tyr735Cys,NP_715640.2:p.Tyr546Cys,NP_783328.1:p.Tyr735Cys",4,COSM133126,Steensma
chr2,25240420,T,C,DNMT3A,0.14,Subject_5872,Female,77,YES,missense_variant,"NP_072046.2:p.Tyr735Cys,NP_715640.2:p.Tyr546Cys,NP_783328.1:p.Tyr735Cys",4,COSM133126,Steensma
chr2,25240423,AACTC,A,DNMT3A,0.25,Subject_2101,Female,73,YES,frameshift_variant,"NP_072046.2:p.Glu733SerfsTer45,NP_715640.2:p.Glu544SerfsTer45,NP_783328.1:p.Glu733SerfsTer45",,,Steensma
chr2,25240433,A,C,DNMT3A,0.21,Subject_3834,Female,75,YES,missense_variant,"NP_072046.2:p.Phe731Val,NP_715640.2:p.Phe542Val,NP_783328.1:p.Phe731Val",2,"COSM3720362,COSM3720363",Steensma
chr2,25240452,T,G,DNMT3A,0.17,Subject_4035,Male,79,YES,splice_acceptor_variant,.,,,Steensma
chr2,25240672,G,C,DNMT3A,0.25,Subject_9904,Female,79,YES,missense_variant,"NP_072046.2:p.Ser714Cys,NP_715640.2:p.Ser525Cys,NP_783328.1:p.Ser714Cys",11,COSM87011,Steensma
chr2,25240672,G,C,DNMT3A,0.28,Subject_13264,Female,72,NO,missense_variant,"NP_072046.2:p.Ser714Cys,NP_715640.2:p.Ser525Cys,NP_783328.1:p.Ser714Cys",11,COSM87011,Steensma
chr2,25240690,C,CT,DNMT3A,0.27,Subject_7100,Female,76,YES,frameshift_variant,"NP_072046.2:p.Ser708LysfsTer5,NP_715640.2:p.Ser519LysfsTer5,NP_783328.1:p.Ser708LysfsTer5",,,Steensma
chr2,25240692,GC,G,DNMT3A,0.21,Subject_6197,Female,68,YES,frameshift_variant,"NP_072046.2:p.Gly707AlafsTer72,NP_715640.2:p.Gly518AlafsTer72,NP_783328.1:p.Gly707AlafsTer72",1,COSM133715,Steensma
chr2,25240692,GC,G,DNMT3A,0.31,Subject_4482,Male,64,YES,frameshift_variant,"NP_072046.2:p.Gly707AlafsTer72,NP_715640.2:p.Gly518AlafsTer72,NP_783328.1:p.Gly707AlafsTer72",1,COSM133715,Steensma
chr2,25240699,A,G,DNMT3A,0.16,Subject_12609,Male,84,NO,missense_variant,"NP_072046.2:p.Ile705Thr,NP_715640.2:p.Ile516Thr,NP_783328.1:p.Ile705Thr",3,"COSM1583102,COSM3719702",Steensma
chr2,25240699,A,G,DNMT3A,0.64,Subject_10325,Male,5,NO,missense_variant,"NP_072046.2:p.Ile705Thr,NP_715640.2:p.Ile516Thr,NP_783328.1:p.Ile705Thr",3,"COSM1583102,COSM3719702",Steensma
chr2,25240717,C,T,DNMT3A,0.27,Subject_1212,Female,78,YES,missense_variant,"NP_072046.2:p.Gly699Asp,NP_715640.2:p.Gly510Asp,NP_783328.1:p.Gly699Asp",2,COSM99741,Steensma
chr2,25240717,C,T,DNMT3A,0.47,Subject_13002,Female,91,YES,missense_variant,"NP_072046.2:p.Gly699Asp,NP_715640.2:p.Gly510Asp,NP_783328.1:p.Gly699Asp",2,COSM99741,Steensma
chr2,25240732,T,C,DNMT3A,0.36,Subject_3520,Male,76,YES,splice_acceptor_variant,.,,,Steensma
chr2,25241561,C,T,DNMT3A,0.21,Subject_7675,Female,71,NO,splice_donor_variant,.,,,Steensma
chr2,25241636,T,TG,DNMT3A,0.25,Subject_5934,Male,85,YES,frameshift_variant,"NP_072046.2:p.Ile670HisfsTer43,NP_715640.2:p.Ile481HisfsTer43,NP_783328.1:p.Ile670HisfsTer43",,,Steensma
chr2,25241682,GC,G,DNMT3A,0.26,Subject_8719,Female,44,YES,frameshift_variant,"NP_072046.2:p.Gly654AlafsTer51,NP_715640.2:p.Gly465AlafsTer51,NP_783328.1:p.Gly654AlafsTer51",,,Steensma
chr2,25243930,C,T,DNMT3A,0.19,Subject_13137,Male,57,NO,missense_variant,"NP_072046.2:p.Arg635Gln,NP_715640.2:p.Arg446Gln,NP_783328.1:p.Arg635Gln",1,COSM1583088,Steensma
chr2,25243930,C,T,DNMT3A,0.14,Subject_13318,Female,35,NO,missense_variant,"NP_072046.2:p.Arg635Gln,NP_715640.2:p.Arg446Gln,NP_783328.1:p.Arg635Gln",1,COSM1583088,Steensma
chr2,25243931,G,A,DNMT3A,0.23,Subject_72,Female,79,YES,missense_variant,"NP_072046.2:p.Arg635Trp,NP_715640.2:p.Arg446Trp,NP_783328.1:p.Arg635Trp",8,COSM87012,Steensma
chr2,25243931,G,A,DNMT3A,0.27,Subject_10035,Male,74,YES,missense_variant,"NP_072046.2:p.Arg635Trp,NP_715640.2:p.Arg446Trp,NP_783328.1:p.Arg635Trp",8,COSM87012,Steensma
chr2,25243934,TG,T,DNMT3A,0.48,Subject_6854,Male,90,YES,frameshift_variant,"NP_072046.2:p.Ile634SerfsTer17,NP_715640.2:p.Ile445SerfsTer17,NP_783328.1:p.Ile634SerfsTer17",,,Steensma
chr2,25244214,G,A,DNMT3A,0.25,Subject_8725,Male,63,NO,stop_gained,"NP_072046.2:p.Arg598Ter,NP_715640.2:p.Arg409Ter,NP_783328.1:p.Arg598Ter",5,COSM133736,Steensma
chr2,25244214,G,A,DNMT3A,0.22,Subject_7562,Male,63,NO,stop_gained,"NP_072046.2:p.Arg598Ter,NP_715640.2:p.Arg409Ter,NP_783328.1:p.Arg598Ter",5,COSM133736,Steensma
chr2,25244265,A,C,DNMT3A,0.23,Subject_6554,Male,63,YES,missense_variant,"NP_072046.2:p.Trp581Gly,NP_715640.2:p.Trp392Gly,NP_783328.1:p.Trp581Gly",1,COSM1583082,Steensma
chr2,25244539,C,T,DNMT3A,0.22,Subject_6054,Female,75,YES,splice_donor_variant,.,,,Steensma
chr2,25244580,C,A,DNMT3A,0.15,Subject_8272,Female,74,YES,missense_variant,"NP_072046.2:p.Gly543Cys,NP_715640.2:p.Gly354Cys,NP_783328.1:p.Gly543Cys",10,COSM87002,Steensma
chr2,25244609,T,C,DNMT3A,0.17,Subject_12886,Female,61,YES,missense_variant,"NP_072046.2:p.Tyr533Cys,NP_715640.2:p.Tyr344Cys,NP_783328.1:p.Tyr533Cys",1,COSM231555,Steensma
chr2,25245283,GA,G,DNMT3A,0.17,Subject_6649,Male,51,YES,frameshift_variant,"NP_072046.2:p.Leu508ProfsTer143,NP_715640.2:p.Leu319ProfsTer143,NP_783328.1:p.Leu508ProfsTer143",,,Steensma
chr2,25246019,C,T,DNMT3A,0.44,Subject_9727,Male,89,YES,splice_donor_variant,.,,,Steensma
chr2,25246055,AC,A,DNMT3A,0.38,Subject_4669,Female,79,YES,frameshift_variant,"NP_072046.2:p.Val480CysfsTer171,NP_715640.2:p.Val291CysfsTer171,NP_783328.1:p.Val480CysfsTer171",,,Steensma
chr2,25246159,C,T,DNMT3A,0.25,Subject_1982,Male,85,NO,splice_donor_variant,.,,,Steensma
chr2,25246159,C,T,DNMT3A,0.2,Subject_3739,Female,72,YES,splice_donor_variant,.,,,Steensma
chr2,25246159,C,T,DNMT3A,0.35,Subject_10515,Male,74,YES,splice_donor_variant,.,,,Steensma
chr2,25246302,C,CTT,DNMT3A,0.28,Subject_11791,Male,68,YES,frameshift_variant,"NP_072046.2:p.Asn430ArgfsTer222,NP_715640.2:p.Asn241ArgfsTer222,NP_783328.1:p.Asn430ArgfsTer222",,,Steensma
chr2,25246619,C,T,DNMT3A,0.26,Subject_3633,Male,72,YES,splice_donor_variant,.,,,Steensma
chr2,25246619,C,T,DNMT3A,0.19,Subject_9843,Female,88,YES,splice_donor_variant,.,,,Steensma
chr2,25247055,A,G,DNMT3A,0.41,Subject_8266,Female,66,YES,missense_variant,"NP_072046.2:p.Leu373Pro,NP_715640.2:p.Leu184Pro,NP_783328.1:p.Leu373Pro",2,COSM144493,Steensma
chr2,25247096,G,C,DNMT3A,0.39,Subject_12561,Male,81,YES,stop_gained,"NP_072046.2:p.Tyr359Ter,NP_715640.2:p.Tyr170Ter,NP_783328.1:p.Tyr359Ter",,,Steensma
chr2,25247107,G,A,DNMT3A,0.15,Subject_6278,Female,87,YES,stop_gained,"NP_072046.2:p.Gln356Ter,NP_715640.2:p.Gln167Ter,NP_783328.1:p.Gln356Ter",,,Steensma
chr2,25247160,T,A,DNMT3A,0.17,Subject_10908,Male,91,YES,splice_acceptor_variant,.,,,Steensma
chr2,25247611,C,T,DNMT3A,0.17,Subject_6773,Male,67,NO,missense_variant,"NP_072046.2:p.Gly332Arg,NP_715640.2:p.Gly143Arg,NP_783328.1:p.Gly332Arg",1,COSM2270955,Steensma
chr2,25247647,G,A,DNMT3A,0.47,Subject_1561,Female,90,YES,stop_gained,"NP_072046.2:p.Arg320Ter,NP_715640.2:p.Arg131Ter,NP_783328.1:p.Arg320Ter",4,"COSM1318922,COSM133721,COSM133724",Steensma
chr2,25247666,C,T,DNMT3A,0.31,Subject_5743,Female,89,YES,stop_gained,"NP_072046.2:p.Trp313Ter,NP_715640.2:p.Trp124Ter,NP_783328.1:p.Trp313Ter",,,Steensma
chr2,25247690,C,T,DNMT3A,0.38,Subject_2007,Female,74,YES,stop_gained,"NP_072046.2:p.Trp305Ter,NP_715640.2:p.Trp116Ter,NP_783328.1:p.Trp305Ter",,,Steensma
chr2,25247750,C,A,DNMT3A,0.36,Subject_1602,Male,76,YES,splice_acceptor_variant,.,,,Steensma
chr2,25247751,T,C,DNMT3A,0.26,Subject_4436,Female,95,YES,splice_acceptor_variant,.,,,Steensma
chr2,25248132,CG,C,DNMT3A,0.23,Subject_2266,Female,82,YES,frameshift_variant,"NP_072046.2:p.Ala254HisfsTer62,NP_715640.2:p.Ala65HisfsTer62,NP_783328.1:p.Ala254HisfsTer62",,,Steensma
chr2,25248192,C,CG,DNMT3A,0.18,Subject_12680,Male,82,YES,frameshift_variant,"NP_072046.2:p.Gly234ArgfsTer19,NP_715640.2:p.Gly45ArgfsTer19,NP_783328.1:p.Gly234ArgfsTer19",,,Steensma
chr2,25300227,T,G,DNMT3A,0.5,Subject_610,Female,66,YES,missense_variant,"NP_072046.2:p.Glu30Ala,NP_783328.1:p.Glu30Ala,NP_783329.1:p.Glu30Ala",1,COSM307361,Steensma
chr2,25300227,T,G,DNMT3A,0.5,Subject_1661,Male,68,NO,missense_variant,"NP_072046.2:p.Glu30Ala,NP_783328.1:p.Glu30Ala,NP_783329.1:p.Glu30Ala",1,COSM307361,Steensma
chr2,25300227,T,G,DNMT3A,0.48,Subject_11338,Female,57,NO,missense_variant,"NP_072046.2:p.Glu30Ala,NP_783328.1:p.Glu30Ala,NP_783329.1:p.Glu30Ala",1,COSM307361,Steensma
chr2,25300227,T,G,DNMT3A,0.5,Subject_12532,Female,39,NO,missense_variant,"NP_072046.2:p.Glu30Ala,NP_783328.1:p.Glu30Ala,NP_783329.1:p.Glu30Ala",1,COSM307361,Steensma
chr2,197402110,T,C,SF3B1,0.2,Subject_8304,Male,75,NO,missense_variant,NP_036565.2:p.Lys700Glu,240,COSM84677,Steensma
chr2,197402110,T,C,SF3B1,0.19,Subject_5781,Female,53,NO,missense_variant,NP_036565.2:p.Lys700Glu,240,COSM84677,Steensma
chr2,197402110,T,C,SF3B1,0.27,Subject_3519,Male,91,YES,missense_variant,NP_036565.2:p.Lys700Glu,240,COSM84677,Steensma
chr2,197402110,T,C,SF3B1,0.29,Subject_4068,Male,90,YES,missense_variant,NP_036565.2:p.Lys700Glu,240,COSM84677,Steensma
chr2,197402635,C,A,SF3B1,0.24,Subject_12235,Male,80,YES,missense_variant,NP_036565.2:p.Lys666Asn,13,COSM131557,Steensma
chr2,197402635,C,A,SF3B1,0.32,Subject_12288,Male,66,NO,missense_variant,NP_036565.2:p.Lys666Asn,13,COSM131557,Steensma
chr2,197416821,G,A,SF3B1,0.44,Subject_12259,Male,31,NO,stop_gained,NP_036565.2:p.Arg196Ter,,,Steensma
chr20,32433373,C,A,ASXL1,0.29,Subject_13161,Female,83,YES,stop_gained,NP_056153.2:p.Ser392Ter,,,Steensma
chr20,32433408,C,T,ASXL1,0.23,Subject_12813,Male,59,YES,stop_gained,NP_056153.2:p.Arg404Ter,1,COSM41598,Steensma
chr20,32433408,C,T,ASXL1,0.28,Subject_3086,Female,80,YES,stop_gained,NP_056153.2:p.Arg404Ter,1,COSM41598,Steensma
chr20,32433479,A,AG,ASXL1,0.28,Subject_973,Male,82,YES,frameshift_variant,NP_056153.2:p.Gln428AlafsTer10,,,Steensma
chr20,32433568,AC,A,ASXL1,0.28,Subject_8961,Female,79,YES,frameshift_variant,NP_056153.2:p.Pro458GlnfsTer4,,,Steensma
chr20,32433713,CAG,C,ASXL1,0.15,Subject_1902,Male,85,YES,frameshift_variant,NP_056153.2:p.Arg506AsnfsTer3,,,Steensma
chr20,32434431,G,A,ASXL1,0.24,Subject_5058,Male,81,YES,splice_acceptor_variant,.,,,Steensma
chr20,32434474,C,T,ASXL1,0.24,Subject_12054,Male,78,YES,stop_gained,NP_056153.2:p.Gln588Ter,1,COSM110707,Steensma
chr20,32434485,C,A,ASXL1,0.57,Subject_11537,Male,58,NO,stop_gained,NP_056153.2:p.Tyr591Ter,1,COSM1681609,Steensma
chr20,32434485,C,A,ASXL1,0.13,Subject_1053,Male,67,YES,stop_gained,NP_056153.2:p.Tyr591Ter,1,COSM1681609,Steensma
chr20,32434485,C,G,ASXL1,0.26,Subject_5682,Female,73,YES,stop_gained,NP_056153.2:p.Tyr591Ter,3,COSM53200,Steensma
chr20,32434486,C,T,ASXL1,0.33,Subject_10521,Male,73,YES,stop_gained,NP_056153.2:p.Gln592Ter,3,COSM96400,Steensma
chr20,32434638,AGG,A,ASXL1,0.22,Subject_12939,Female,87,YES,frameshift_variant,NP_056153.2:p.Gly645TrpfsTer12,,,Steensma
chr20,32434666,G,A,ASXL1,0.2,Subject_11033,Male,75,NO,missense_variant,NP_056153.2:p.Gly652Ser,1,COSM1716555,Steensma
chr20,32434797,ACT,A,ASXL1,0.14,Subject_13090,Male,74,YES,frameshift_variant,NP_056153.2:p.Leu696ThrfsTer21,,,Steensma
chr20,32434958,TC,T,ASXL1,0.38,Subject_7931,Female,92,YES,frameshift_variant,NP_056153.2:p.Val751LeufsTer21,,,Steensma
chr20,32435034,AT,A,ASXL1,0.38,Subject_1602,Male,76,YES,frameshift_variant,NP_056153.2:p.Leu775Ter,,,Steensma
chr20,32435098,TG,T,ASXL1,0.3,Subject_6262,Female,75,YES,frameshift_variant,NP_056153.2:p.Glu797LysfsTer21,,,Steensma
chr20,32435146,G,GGT,ASXL1,0.15,Subject_5376,Female,88,YES,frameshift_variant,NP_056153.2:p.Pro813ValfsTer6,,,Steensma
chr20,32435178,AT,A,ASXL1,0.21,Subject_5048,Female,40,NO,frameshift_variant,NP_056153.2:p.Leu823Ter,,,Steensma
chr20,32435280,C,A,ASXL1,0.32,Subject_11095,Female,71,YES,stop_gained,NP_056153.2:p.Cys856Ter,,,Steensma
chr20,32435356,C,T,ASXL1,0.14,Subject_11327,Male,81,YES,stop_gained,NP_056153.2:p.Gln882Ter,,,Steensma
chr20,32436370,A,T,ASXL1,0.38,Subject_3296,Female,23,NO,missense_variant,NP_056153.2:p.Ile1220Phe,1,COSM307359,Steensma
chr20,32436370,A,T,ASXL1,0.41,Subject_10877,Male,54,NO,missense_variant,NP_056153.2:p.Ile1220Phe,1,COSM307359,Steensma
chr20,32436370,A,T,ASXL1,0.47,Subject_9647,Male,29,NO,missense_variant,NP_056153.2:p.Ile1220Phe,1,COSM307359,Steensma
chr20,34914393,A,C,ACSS2,0.32,Subject_9397,Male,75,YES,missense_variant,"NP_001070020.2:p.Thr264Pro,NP_001229322.1:p.Thr169Pro,NP_061147.1:p.Thr264Pro",6,"COSM1283236,COSM211596",COSMIC5
chr20,34914393,A,C,ACSS2,0.43,Subject_9200,Male,24,NO,missense_variant,"NP_001070020.2:p.Thr264Pro,NP_001229322.1:p.Thr169Pro,NP_061147.1:p.Thr264Pro",6,"COSM1283236,COSM211596",COSMIC5
chr20,34914393,A,C,ACSS2,0.42,Subject_7375,Female,68,NO,missense_variant,"NP_001070020.2:p.Thr264Pro,NP_001229322.1:p.Thr169Pro,NP_061147.1:p.Thr264Pro",6,"COSM1283236,COSM211596",COSMIC5
chr20,34914393,A,C,ACSS2,0.44,Subject_12572,Male,70,NO,missense_variant,"NP_001070020.2:p.Thr264Pro,NP_001229322.1:p.Thr169Pro,NP_061147.1:p.Thr264Pro",6,"COSM1283236,COSM211596",COSMIC5
chr20,58909366,G,A,GNAS,0.26,Subject_10680,Female,95,YES,missense_variant,"NP_000507.1:p.Arg201His,NP_001070956.1:p.Arg202His,NP_001070957.1:p.Arg186His,NP_536350.2:p.Arg844Hi...",2,COSM27895,Steensma
chr21,42109639,A,C,UMODL1,0.39,Subject_3350,Male,66,NO,missense_variant,"NP_001004416.2:p.Thr533Pro,NP_001186456.1:p.Thr461Pro,NP_001186457.2:p.Thr461Pro,NP_775839.3:p.Thr53...",6,"COSM1963593,COSM211599",COSMIC5
chr21,42109639,A,C,UMODL1,0.5,Subject_2840,Female,54,NO,missense_variant,"NP_001004416.2:p.Thr533Pro,NP_001186456.1:p.Thr461Pro,NP_001186457.2:p.Thr461Pro,NP_775839.3:p.Thr53...",6,"COSM1963593,COSM211599",COSMIC5
chr3,38141150,T,C,MYD88,0.19,Subject_13270,Male,91,YES,stop_lost,"NP_001166037.1:p.Ter160ArgextTer8,NP_001166040.1:p.Ter205ArgextTer8",1173,COSM85940,COSMIC5
chr3,38141150,T,C,MYD88,0.2,Subject_6535,Female,79,YES,stop_lost,"NP_001166037.1:p.Ter160ArgextTer8,NP_001166040.1:p.Ter205ArgextTer8",1173,COSM85940,COSMIC5
chr3,78938915,C,T,ROBO1,0.55,Subject_2073,Female,29,NO,missense_variant,"NP_001139317.1:p.Arg23His,NP_002932.1:p.Arg62His,NP_598334.2:p.Arg23His",8,"COSM1738832,COSM1738833,COSM1738834,COSM1738835",COSMIC5
chr4,54733155,A,T,KIT,0.22,Subject_2830,Male,79,YES,missense_variant,"NP_000213.1:p.Asp816Val,NP_001087241.1:p.Asp812Val",807,COSM1314,COSMIC5
chr4,105234173,C,CT,TET2,0.51,Subject_7753,Male,86,NO,frameshift_variant,"NP_001120680.1:p.Thr79TyrfsTer5,NP_060098.3:p.Thr79TyrfsTer5",,,Steensma
chr4,105234288,CA,C,TET2,0.21,Subject_4940,Female,78,YES,frameshift_variant,"NP_001120680.1:p.Lys117ArgfsTer11,NP_060098.3:p.Lys117ArgfsTer11",,,Steensma
chr4,105234354,C,T,TET2,0.45,Subject_12023,Male,78,YES,stop_gained,"NP_001120680.1:p.Gln138Ter,NP_060098.3:p.Gln138Ter",,,Steensma
chr4,105234370,AT,A,TET2,0.22,Subject_7659,Female,80,YES,frameshift_variant,"NP_001120680.1:p.Leu144Ter,NP_060098.3:p.Leu144Ter",,,Steensma
chr4,105234436,GT,G,TET2,0.38,Subject_13068,Female,74,YES,frameshift_variant,"NP_001120680.1:p.Ser167GlnfsTer16,NP_060098.3:p.Ser167GlnfsTer16",,,Steensma
chr4,105234480,C,T,TET2,0.21,Subject_944,Female,70,YES,stop_gained,"NP_001120680.1:p.Gln180Ter,NP_060098.3:p.Gln180Ter",,,Steensma
chr4,105234495,C,T,TET2,0.21,Subject_11444,Male,79,YES,stop_gained,"NP_001120680.1:p.Gln185Ter,NP_060098.3:p.Gln185Ter",,,Steensma
chr4,105234554,AG,A,TET2,0.17,Subject_3233,Male,87,YES,frameshift_variant,"NP_001120680.1:p.Val205CysfsTer2,NP_060098.3:p.Val205CysfsTer2",,,Steensma
chr4,105234604,C,CA,TET2,0.25,Subject_3309,Female,91,YES,frameshift_variant,"NP_001120680.1:p.His222ThrfsTer3,NP_060098.3:p.His222ThrfsTer3",,,Steensma
chr4,105234621,G,GA,TET2,0.3,Subject_12499,Female,88,YES,frameshift_variant,"NP_001120680.1:p.Thr229AsnfsTer25,NP_060098.3:p.Thr229AsnfsTer25",,,Steensma
chr4,105234705,C,T,TET2,0.2,Subject_2051,Female,52,NO,stop_gained,"NP_001120680.1:p.Gln255Ter,NP_060098.3:p.Gln255Ter",2,COSM211663,Steensma
chr4,105234759,C,T,TET2,0.26,Subject_4059,Female,63,YES,stop_gained,"NP_001120680.1:p.Gln273Ter,NP_060098.3:p.Gln273Ter",,,Steensma
chr4,105234763,TC,T,TET2,0.18,Subject_2759,Female,73,YES,frameshift_variant,"NP_001120680.1:p.Asn275IlefsTer18,NP_060098.3:p.Asn275IlefsTer18",4,"COSM1318631,COSM1318632,COSM43437",Steensma
chr4,105234802,AG,A,TET2,0.3,Subject_4890,Male,86,YES,frameshift_variant,"NP_001120680.1:p.Lys287AsnfsTer6,NP_060098.3:p.Lys287AsnfsTer6",,,Steensma
chr4,105235590,C,T,TET2,0.17,Subject_10586,Male,77,YES,stop_gained,"NP_001120680.1:p.Arg550Ter,NP_060098.3:p.Arg550Ter",27,"COSM1318629,COSM41644",Steensma
chr4,105235590,C,T,TET2,0.23,Subject_6787,Male,51,YES,stop_gained,"NP_001120680.1:p.Arg550Ter,NP_060098.3:p.Arg550Ter",27,"COSM1318629,COSM41644",Steensma
chr4,105235696,C,G,TET2,0.33,Subject_9117,Female,91,YES,stop_gained,"NP_001120680.1:p.Ser585Ter,NP_060098.3:p.Ser585Ter",,,Steensma
chr4,105235827,CA,C,TET2,0.17,Subject_6854,Male,90,YES,frameshift_variant,"NP_001120680.1:p.His629ProfsTer10,NP_060098.3:p.His629ProfsTer10",,,Steensma
chr4,105236094,CT,C,TET2,0.21,Subject_11976,Female,86,YES,frameshift_variant,"NP_001120680.1:p.Leu719CysfsTer32,NP_060098.3:p.Leu719CysfsTer32",,,Steensma
chr4,105236187,CAAAT,C,TET2,0.24,Subject_1498,Female,76,YES,frameshift_variant,"NP_001120680.1:p.Ile750ArgfsTer62,NP_060098.3:p.Ile750ArgfsTer62",1,COSM132891,Steensma
chr4,105236370,C,T,TET2,0.38,Subject_10856,Female,89,YES,stop_gained,"NP_001120680.1:p.Gln810Ter,NP_060098.3:p.Gln810Ter",4,COSM43446,Steensma
chr4,105236370,C,T,TET2,0.23,Subject_4951,Male,56,YES,stop_gained,"NP_001120680.1:p.Gln810Ter,NP_060098.3:p.Gln810Ter",4,COSM43446,Steensma
chr4,105236372,GA,G,TET2,0.33,Subject_272,Female,59,YES,frameshift_variant,"NP_001120680.1:p.Asn811IlefsTer2,NP_060098.3:p.Asn811IlefsTer2",,,Steensma
chr4,105236432,AC,A,TET2,0.2,Subject_3447,Female,86,YES,frameshift_variant,"NP_001120680.1:p.Gln831ArgfsTer10,NP_060098.3:p.Gln831ArgfsTer10",,,Steensma
chr4,105236434,AG,A,TET2,0.16,Subject_13002,Female,91,YES,frameshift_variant,"NP_001120680.1:p.Val832PhefsTer9,NP_060098.3:p.Val832PhefsTer9",,,Steensma
chr4,105236446,C,CA,TET2,0.35,Subject_5172,Female,42,NO,frameshift_variant,"NP_001120680.1:p.Asn836LysfsTer10,NP_060098.3:p.Asn836LysfsTer10",,,Steensma
chr4,105236499,C,CT,TET2,0.52,Subject_6000,Male,87,YES,frameshift_variant,"NP_001120680.1:p.Ala855CysfsTer17,NP_060098.3:p.Ala855CysfsTer17",,,Steensma
chr4,105236543,T,G,TET2,0.3,Subject_3519,Male,91,YES,stop_gained,"NP_001120680.1:p.Tyr867Ter,NP_060098.3:p.Tyr867Ter",,,Steensma
chr4,105236657,T,TA,TET2,0.18,Subject_13091,Female,78,YES,frameshift_variant,"NP_001120680.1:p.Met906AsnfsTer18,NP_060098.3:p.Met906AsnfsTer18",2,"COSM3720606,COSM3720607",Steensma
chr4,105236678,G,GC,TET2,0.27,Subject_7229,Female,96,YES,frameshift_variant,"NP_001120680.1:p.Gln913ProfsTer11,NP_060098.3:p.Gln913ProfsTer11",,,Steensma
chr4,105236688,C,T,TET2,0.25,Subject_4175,Male,70,YES,stop_gained,"NP_001120680.1:p.Gln916Ter,NP_060098.3:p.Gln916Ter",13,COSM43417,Steensma
chr4,105236688,C,T,TET2,0.41,Subject_7229,Female,96,YES,stop_gained,"NP_001120680.1:p.Gln916Ter,NP_060098.3:p.Gln916Ter",13,COSM43417,Steensma
chr4,105236841,CA,C,TET2,0.44,Subject_10174,Female,78,NO,frameshift_variant,"NP_001120680.1:p.Gln967HisfsTer40,NP_060098.3:p.Gln967HisfsTer40",,,Steensma
chr4,105236963,TA,T,TET2,0.24,Subject_982,Female,70,YES,frameshift_variant,"NP_001120680.1:p.Lys1008SerfsTer25,NP_060098.3:p.Lys1008SerfsTer25",,,Steensma
chr4,105236967,C,T,TET2,0.32,Subject_899,Female,94,YES,stop_gained,"NP_001120680.1:p.Gln1009Ter,NP_060098.3:p.Gln1009Ter",,,Steensma
chr4,105237118,CAG,C,TET2,0.23,Subject_1697,Male,80,YES,frameshift_variant,"NP_001120680.1:p.Gly1060AlafsTer7,NP_060098.3:p.Gly1060AlafsTer7",,,Steensma
chr4,105237346,G,A,TET2,0.43,Subject_13002,Female,91,YES,missense_variant,"NP_001120680.1:p.Cys1135Tyr,NP_060098.3:p.Cys1135Tyr",1,COSM166289,Steensma
chr4,105241336,CAG,C,TET2,0.45,Subject_6497,Male,67,NO,splice_acceptor_variant,.,,,Steensma
chr4,105241390,G,A,TET2,0.54,Subject_4127,Male,64,NO,missense_variant,NP_001120680.1:p.Gly1154Asp,1,COSM211646,Steensma
chr4,105242912,T,A,TET2,0.58,Subject_10428,Male,80,YES,stop_gained,NP_001120680.1:p.Cys1193Ter,,,Steensma
chr4,105242912,T,A,TET2,0.19,Subject_338,Male,73,NO,stop_gained,NP_001120680.1:p.Cys1193Ter,,,Steensma
chr4,105242920,C,CT,TET2,0.27,Subject_5373,Male,75,YES,frameshift_variant,NP_001120680.1:p.Lys1197Ter,,,Steensma
chr4,105243605,GTGTT,G,TET2,0.45,Subject_8658,Female,36,NO,frameshift_variant,NP_001120680.1:p.Cys1211TrpfsTer14,,,Steensma
chr4,105243738,T,TA,TET2,0.17,Subject_13014,Female,76,NO,frameshift_variant,NP_001120680.1:p.Tyr1255Ter,,,Steensma
chr4,105243757,G,A,TET2,0.21,Subject_2915,Male,81,YES,missense_variant,NP_001120680.1:p.Arg1261His,1,COSM211643,Steensma
chr4,105243757,G,A,TET2,0.33,Subject_2060,Female,70,YES,missense_variant,NP_001120680.1:p.Arg1261His,1,COSM211643,Steensma
chr4,105243779,G,GT,TET2,0.26,Subject_6000,Male,87,YES,splice_donor_variant,.,,,Steensma
chr4,105243780,T,C,TET2,0.15,Subject_10721,Female,90,YES,splice_donor_variant,.,,,Steensma
chr4,105259617,A,G,TET2,0.27,Subject_9415,Female,79,YES,splice_acceptor_variant,.,,,Steensma
chr4,105259626,TGC,T,TET2,0.3,Subject_2534,Female,58,YES,frameshift_variant,NP_001120680.1:p.Ala1272LeufsTer27,,,Steensma
chr4,105259628,C,A,TET2,0.14,Subject_3797,Male,74,YES,stop_gained,NP_001120680.1:p.Cys1271Ter,,,Steensma
chr4,105259660,G,A,TET2,0.2,Subject_1940,Female,83,YES,missense_variant,NP_001120680.1:p.Gly1282Asp,1,COSM1737890,Steensma
chr4,105259708,G,A,TET2,0.21,Subject_10231,Female,74,YES,missense_variant,NP_001120680.1:p.Cys1298Tyr,3,COSM87138,Steensma
chr4,105259729,TC,T,TET2,0.22,Subject_3536,Male,74,YES,frameshift_variant,NP_001120680.1:p.Pro1306GlnfsTer57,,,Steensma
chr4,105259771,T,G,TET2,0.19,Subject_3233,Male,87,YES,splice_donor_variant,.,,,Steensma
chr4,105269609,G,T,TET2,0.33,Subject_6465,Male,89,YES,splice_acceptor_variant,.,,,Steensma
chr4,105269641,G,A,TET2,0.37,Subject_4902,Male,54,NO,missense_variant,NP_001120680.1:p.Arg1359His,2,COSM42055,Steensma
chr4,105269655,G,T,TET2,0.15,Subject_2628,Female,58,NO,stop_gained,NP_001120680.1:p.Glu1364Ter,,,Steensma
chr4,105269681,TGC,T,TET2,0.32,Subject_4482,Male,64,YES,frameshift_variant,NP_001120680.1:p.Ala1373MetfsTer27,,,Steensma
chr4,105269691,G,A,TET2,0.41,Subject_1936,Female,86,YES,missense_variant,NP_001120680.1:p.Asp1376Asn,1,COSM85919,Steensma
chr4,105269730,C,T,TET2,0.28,Subject_1602,Male,76,YES,stop_gained,NP_001120680.1:p.Gln1389Ter,1,COSM1168023,Steensma
chr4,105272563,G,T,TET2,0.33,Subject_12218,Female,93,YES,splice_acceptor_variant,.,,,Steensma
chr4,105272738,A,T,TET2,0.19,Subject_3233,Male,87,YES,stop_gained,NP_001120680.1:p.Lys1453Ter,,,Steensma
chr4,105272748,TGTTAGCAGAG,T,TET2,0.54,Subject_9160,Female,40,NO,frameshift_variant,NP_001120680.1:p.Met1456IlefsTer11,,,Steensma
chr4,105272900,C,T,TET2,0.14,Subject_4926,Female,79,YES,stop_gained,NP_001120680.1:p.Gln1507Ter,,,Steensma
chr4,105275050,CT,C,TET2,0.29,Subject_6575,Male,71,YES,frameshift_variant,NP_001120680.1:p.Leu1515CysfsTer56,1,COSM1724995,Steensma
chr4,105275056,C,T,TET2,0.28,Subject_12386,Female,97,YES,stop_gained,NP_001120680.1:p.Arg1516Ter,8,COSM43420,Steensma
chr4,105275077,C,T,TET2,0.29,Subject_6575,Male,71,YES,stop_gained,NP_001120680.1:p.Gln1523Ter,1,COSM96925,Steensma
chr4,105275086,C,T,TET2,0.5,Subject_3519,Male,91,YES,stop_gained,NP_001120680.1:p.Gln1526Ter,,,Steensma
chr4,105275128,C,T,TET2,0.28,Subject_1602,Male,76,YES,stop_gained,NP_001120680.1:p.Gln1540Ter,1,COSM1724999,Steensma
chr4,105275139,ACC,A,TET2,0.46,Subject_6159,Female,58,YES,,,,,Steensma
chr4,105275166,TCAGA,T,TET2,0.26,Subject_13082,Female,83,YES,frameshift_variant,NP_001120680.1:p.Thr1554SerfsTer16,,,Steensma
chr4,105275167,C,T,TET2,0.18,Subject_9843,Female,88,YES,stop_gained,NP_001120680.1:p.Gln1553Ter,,,Steensma
chr4,105275222,GACGGCCC,G,TET2,0.35,Subject_7753,Male,86,NO,frameshift_variant,NP_001120680.1:p.Arg1572IlefsTer22,,,Steensma
chr4,105275394,T,G,TET2,0.18,Subject_772,Female,94,YES,stop_gained,NP_001120680.1:p.Tyr1628Ter,,,Steensma
chr4,105275417,AC,A,TET2,0.33,Subject_2930,Female,44,YES,frameshift_variant,NP_001120680.1:p.Leu1637TyrfsTer58,,,Steensma
chr4,105275475,GATGGATCTGT,G,TET2,0.31,Subject_2007,Female,74,YES,frameshift_variant,NP_001120680.1:p.Met1656IlefsTer36,,,Steensma
chr4,105275614,C,T,TET2,0.17,Subject_2855,Male,75,YES,stop_gained,NP_001120680.1:p.Gln1702Ter,5,COSM43442,Steensma
chr4,105275893,AAT,A,TET2,0.2,Subject_11455,Male,87,YES,frameshift_variant,NP_001120680.1:p.Asn1795ArgfsTer10,,,Steensma
chr4,105275910,GCTTC,G,TET2,0.27,Subject_3520,Male,76,YES,frameshift_variant,NP_001120680.1:p.Leu1801GlnfsTer18,,,Steensma
chr4,105276005,T,TGTG,TET2,0.23,Subject_13082,Female,83,YES,stop_gained,NP_001120680.1:p.Leu1832_Val1833insTer,,,Steensma
chr4,105276064,C,T,TET2,0.18,Subject_8824,Male,82,YES,stop_gained,NP_001120680.1:p.Gln1852Ter,1,COSM42076,Steensma
chr4,105276072,TC,T,TET2,0.39,Subject_1670,Male,87,YES,frameshift_variant,NP_001120680.1:p.Leu1855TrpfsTer32,,,Steensma
chr4,105276087,TG,T,TET2,0.26,Subject_2142,Male,97,YES,frameshift_variant,NP_001120680.1:p.Gly1861GlufsTer26,,,Steensma
chr4,105276119,C,T,TET2,0.33,Subject_10586,Male,77,YES,missense_variant,NP_001120680.1:p.Ser1870Leu,2,COSM211632,Steensma
chr4,105276128,T,C,TET2,0.23,Subject_6653,Male,73,YES,missense_variant,NP_001120680.1:p.Ile1873Thr,18,COSM41741,Steensma
chr4,105276210,CT,C,TET2,0.17,Subject_8913,Female,95,YES,frameshift_variant,NP_001120680.1:p.Tyr1902ThrfsTer6,,,Steensma
chr6,152122621,C,T,SYNE1,0.43,Subject_12103,Male,61,NO,missense_variant,"NP_149062.1:p.Gly8689Ser,NP_892006.3:p.Gly8737Ser",5,"COSM4003742,COSM4003743,COSM4003744,COSM4003745,COSM4003746",COSMIC5
chr6,152122621,C,T,SYNE1,0.62,Subject_4569,Male,36,NO,missense_variant,"NP_149062.1:p.Gly8689Ser,NP_892006.3:p.Gly8737Ser",5,"COSM4003742,COSM4003743,COSM4003744,COSM4003745,COSM4003746",COSMIC5
chr6,152122621,C,T,SYNE1,0.5,Subject_11759,Male,31,NO,missense_variant,"NP_149062.1:p.Gly8689Ser,NP_892006.3:p.Gly8737Ser",5,"COSM4003742,COSM4003743,COSM4003744,COSM4003745,COSM4003746",COSMIC5
chr7,102097502,G,A,CUX1,0.24,Subject_3890,Female,96,NO,splice_donor_variant,.,,,Steensma
chr7,102196693,GC,G,CUX1,0.52,Subject_3519,Male,91,YES,frameshift_variant,"NP_001189472.1:p.Pro441LeufsTer27,NP_853530.2:p.Pro430LeufsTer27",,,Steensma
chr7,102227365,A,G,CUX1,0.22,Subject_10518,Female,64,YES,splice_acceptor_variant,.,,,Steensma
chr7,102239487,C,CAGCA,CUX1,0.29,Subject_12324,Male,46,NO,frameshift_variant,"NP_001189472.1:p.Lys1277AlafsTer42,NP_853530.2:p.Lys1266AlafsTer42",,,Steensma
chr7,102275360,G,A,CUX1,0.39,Subject_879,Male,22,NO,splice_donor_variant,.,,,Steensma
chr7,102277947,A,C,CUX1,0.28,Subject_9889,Male,41,NO,splice_acceptor_variant,.,,,Steensma
chr7,102277947,A,C,CUX1,0.21,Subject_12089,Male,46,NO,splice_acceptor_variant,.,,,Steensma
chr7,102277947,A,C,CUX1,0.23,Subject_1487,Male,45,NO,splice_acceptor_variant,.,,,Steensma
chr7,102277947,A,C,CUX1,0.2,Subject_2615,Male,74,NO,splice_acceptor_variant,.,,,Steensma
chr9,5064945,T,A,JAK2,0.49,Subject_248,Female,79,YES,stop_gained,NP_004963.1:p.Tyr373Ter,,,Steensma
chr9,5073770,G,T,JAK2,0.21,Subject_1632,Female,61,NO,missense_variant,NP_004963.1:p.Val617Phe,34493,COSM12600,Steensma
chr9,5073770,G,T,JAK2,0.17,Subject_3892,Male,73,YES,missense_variant,NP_004963.1:p.Val617Phe,34493,COSM12600,Steensma
chr9,5073770,G,T,JAK2,0.32,Subject_13325,Male,70,YES,missense_variant,NP_004963.1:p.Val617Phe,34493,COSM12600,Steensma
chr9,5073770,G,T,JAK2,0.26,Subject_821,Male,79,YES,missense_variant,NP_004963.1:p.Val617Phe,34493,COSM12600,Steensma
chr9,5073770,G,T,JAK2,0.63,Subject_13002,Female,91,YES,missense_variant,NP_004963.1:p.Val617Phe,34493,COSM12600,Steensma
chr9,5073770,G,T,JAK2,0.37,Subject_5218,Female,77,YES,missense_variant,NP_004963.1:p.Val617Phe,34493,COSM12600,Steensma
chr9,5073770,G,T,JAK2,0.43,Subject_3939,Male,72,YES,missense_variant,NP_004963.1:p.Val617Phe,34493,COSM12600,Steensma
chrX,1593824,T,C,AKAP17A,0.24,Subject_10865,Female,68,NO,missense_variant,NP_005079.2:p.Phe121Ser,6,"COSM3681730,COSM3681731",COSMIC5
chrX,1593829,A,C,AKAP17A,0.31,Subject_12197,Male,81,YES,missense_variant,NP_005079.2:p.Thr123Pro,10,"COSM3681732,COSM457177",COSMIC5
chrX,1593829,A,C,AKAP17A,0.3,Subject_10865,Female,68,NO,missense_variant,NP_005079.2:p.Thr123Pro,10,"COSM3681732,COSM457177",COSMIC5
chrX,1593829,A,C,AKAP17A,0.32,Subject_10504,Female,36,NO,missense_variant,NP_005079.2:p.Thr123Pro,10,"COSM3681732,COSM457177",COSMIC5
chrX,40072804,G,A,BCOR,0.17,Subject_6038,Male,67,YES,stop_gained,"NP_001116855.1:p.Gln848Ter,NP_001116856.1:p.Gln848Ter,NP_001116857.1:p.Gln848Ter,NP_060215.4:p.Gln84...",,,Steensma
chrX,40072894,CA,C,BCOR,0.24,Subject_3877,Male,71,YES,frameshift_variant,"NP_001116855.1:p.Asp818ThrfsTer38,NP_001116856.1:p.Asp818ThrfsTer38,NP_001116857.1:p.Asp818ThrfsTer3...",,,Steensma
